{
  "English Grammar": {
    "lesson": [
      "Let’s slow down and look at how words work.",
      "A noun is a person, place, thing, or idea—like ‘peace’, or ‘grandmother’.",
      "A verb is an action, like ‘run’, ‘write’, or ‘heal’.",
      "Knowing grammar gives you power over how you're heard."
    ],
    "question": "Can you name a noun and a verb from your own life?",
    "keywords": ["nouns", "verbs", "basic grammar"]
  },

  "Basic Math": {
    "lesson": [
      "Numbers don’t lie, and they’re not here to trick you.",
      "Addition brings things together. Subtraction takes them apart.",
      "Math is a tool, not a test. You can master it—just one step at a time."
    ],
    "question": "What is something in your life you added that made it better?",
    "keywords": ["addition", "subtraction", "math basics"]
  },

  "GED Review": {
    "lesson": [
      "This is your time. You’re not behind—you’re building.",
      "The GED covers reading, writing, math, science, and social studies.",
      "You already have the mind. Let’s unlock the structure together."
    ],
    "question": "What subject makes you most nervous—and why?",
    "keywords": ["GED practice", "GED prep", "how to study GED"]
  },

  "Study Skills": {
    "lesson": [
      "You don’t need a fancy school to learn how to learn.",
      "Repetition locks it in. Notes give it shape. Your curiosity gives it power.",
      "Learning how you learn is the real secret. No shame, no pressure—just progress."
    ],
    "question": "Do you like visuals, listening, writing, or doing?",
    "keywords": ["study skills", "learning styles", "memory tips"]
  },

  "Economic Survival": {
    "lesson": [
      "Money is not evil. It’s a tool. And it should work for you.",
      "Start with knowing what you earn, what you owe, and what you can grow.",
      "One budget can change everything. One investment can feed you later.",
      "You don’t have to be rich. You just have to be *aware*."
    ],
    "question": "What’s one thing you can spend less on this week?",
    "keywords": ["budgeting", "investing basics", "trades", "credit score"]
  },

  "Maritime Law": {
    "lesson": [
      "They treat you like cargo because you don’t know you’re the captain.",
      "Maritime law is the law of the sea—but it’s used in courts, contracts, and birth certificates.",
      "Learning it doesn’t make you weird. It makes you aware.",
      "You’re not lost at sea anymore."
    ],
    "question": "What do you think the word 'jurisdiction' really means?",
    "keywords": ["maritime law", "UCC", "sovereign law"]
  },

  "Geography": {
    "lesson": [
      "Maps are more than lines. They tell you where power lives.",
      "Resources, rivers, borders, and trade routes—these shape everything.",
      "The more you know the land, the more you can move with purpose."
    ],
    "question": "What’s a place in the world you want to learn more about?",
    "keywords": ["geography basics", "climate zones", "world map"]
  },

  "Agriculture": {
    "lesson": [
      "Food is freedom. Growing it is sacred.",
      "Even a single pot can teach you about timing, patience, and nourishment.",
      "The earth will feed you if you learn her rhythm."
    ],
    "question": "Have you ever grown anything? If not, what would you try?",
    "keywords": ["beginner gardening", "urban farming", "compost"]
  },

  "Culinary Science": {
    "lesson": [
      "Cooking isn’t just feeding—it's chemistry, culture, and care.",
      "Every spice tells a story. Every recipe is a map of memory.",
      "Learn it, and you’ll never be hungry—or unskilled—in a world that forgot."
    ],
    "question": "What’s a meal that always makes you feel better?",
    "keywords": ["cooking basics", "trade skills", "culinary school"]
  },

  "Content Creation": {
    "lesson": [
      "You don’t need a studio—you just need a voice.",
      "Phones can film movies now. YouTube can outplay TV.",
      "Creators control culture. Learn to build, post, edit, and speak.",
      "And always—own your story.",
      "Content can be your second chance: music, video, podcasts, or writing. Every skill you learn can open another door."
    ],
    "question": "If you could make one video, podcast, or song the world had to hear—what would it be?",
    "keywords": [
      "content creation",
      "youtube studio",
      "how to record music",
      "video editing for beginners",
      "monetize content",
      "podcasting basics",
      "screenwriting class",
      "novelist training",
      "public speaking course",
      "fashion design school"
    ]
  }
}
