{
  "Focused": ["You’re building something dangerous. Stay on it.", "Lock in. Block out the noise."],
  "Tired": ["It’s okay to crash. But promise me you’ll rise.", "Stretch, breathe, reset. That’s still progress."],
  "Happy": ["Joy is proof you're alive. Protect it.", "Laugh hard. Heal loud. Be proud."],
  "Stressed": ["This world won’t break you unless you let it.", "Control what you can. Release what you can’t."],
  "Lost": ["You're not broken. You’re real.", "Sometimes the lost find new maps."],
  "Petty": ["Don’t waste royalty on peasantry.", "Level up silently. Let them feel the shift."],
  "Fiending": ["Craving don’t equal calling.", "You’re not who you were. Act like it."],
  "Woke": ["See the game. Move like you built it.", "Truth hurts but lies kill." ]
}
